Speed (ft/s),Motor Command (ul)
0,0
1.095322086,0.1
2.312346626,0.2
3.65107362,0.3
4.25958589,0.4
5.233205521,0.5
6.328527607,0.6
7.423849693,0.7
8.397469325,0.8
9.492791411,0.9
10.10130368,1
21.3,1
