Speed (ft/s),Motor Command (ul)
0,0
1.8933213,0.1
4.343501805,0.2
6.905054152,0.3
9.355234657,0.4
11.80541516,0.5
14.25559567,0.6
16.70577617,0.7
19.15595668,0.8
21.27202166,0.9
21.27202166,1
21.27202166,1
